00FDCN038TB02,FIRST DATA CORPORATION
00FMSN025TB01,Fresenius Medical Care Holdings Inc
03761XAG5,APID 2007 5A
0ALLYO037TB01,Bally Technologies Inc
15132UAA0,CECDO 2007 15A
15642PAE6,CENT9 2005 9A
20567RAA1,CMSTK 2006 1A
24HOURFI_TLB,24 Hour Fitness Worldwide Inc
62947QAE8,NXP BV NXP Funding LLC
74913GAN5,Qwest Corp
74981MAL3,RACEP 2007 4A
806713AF0,SCHLR 2007 1A
A000B4028TB06,RISTRETTO ALGECO
A000BU028TB02,AZ ELECTRONICS
A000BZ029TB02,AMADEUS GLOBAL TRAVEL DISTRIBUTION WAM
A000CD019TB01,ALLFLEX EUROPE UK LTD
A000D2028TB55,ALMATIS
A000DJ011TB03,AUDATEX
A000E6010TB02,ALERIS INTERNATIONAL
A000EQ012TB04,ARAMARK CORP
A000FC018TB01,ALIPLAST
ACCELNT_TLB,Accellent Corp
ACCOBRA_TLB,Acco Brands Corporation
ACCURIDE_NTLB,Accuride Corp
ACOSTAIN_TLB,Acosta Inc
ACTSAEROT_TLB,ACTS Aero Technical Support Services Inc
ACXIORN_TB,Acxiom Corp
ADVMEDOPT_TLB,Advanced Medical Optics
ADVNTGESL_TLB,Advantage Sales Marketing Inc
AFCNTRPSE_TRB,AFC Enterprises
AFFINIAGR_TLB,Affinia Group Inc
AFFINION_TL,Affinion Group
AFFLCOMP_ADTL,Affiliated Computer Services Inc
AIMCOPRP_TL,AIMCO Properties LTD
ALDWST_NEWTL,Allied Waste North America Inc
ALGOMASTL_TLB,Algoma Steel Inc 
ALIANTHLD_TLB,Alliant Holdings I Inc
ALISONTRN_TLB,Allison Transmission Inc
ALLIEDSEC_TL,Allied Security Holdings LLC
ALLTLCI_ITRB3,Alltel Communications Inc
ALPHANTRS_TLB,Alpha Natural Resources
ALSKACOMM_NTL,Alaska Communications Systems Holdings Inc
AMCENTAIN_TL,Amc Entertainment
AMERICA_TLB1,American SeafoodS Group LLC
AMERITRADE_TB,Ameritrade Holding Corp
AMERMEDSYS_TLB,American Medical Systems Inc
AMERSAFE_NTLB,American Safety Razor Company
AMFBWLWW_FLTL,Amf Bowling WorldWide Inc
AMNHLTCRE_TLB,AMN Healthcare
AMRCANMED_TL,American Media Operations Inc
AMRCNACHVM_TL,American Achievement Corp
AMRHOLCO_TLB,AMR Holdco
AMRSTAR_INTL,Ameristar Casinos Inc
AMSCAN_TLB,Amscan Holdings Inc
AMWINSGP_FLTL,AmWINS Group Inc
APPLETON_TLB,Appleton Papers Inc
APPLIEDSYS_TL,Applied Systems Inc
ARAMARK_LC,Aramark Corporation
ASHMORE_NSRC,Ashmore Energy International
ASPECTSFT_TA1,Aspect Software Inc
ASSETACPT_TLB,Asset Acceptance Capital Corp
ASTER_TLB5US,Aster 1 SA
ASTORGN_SLTLC,Astoria Generating Company Acquisitions LLC
ASURION_FLTL,Asurion Corporation
ATLASPIPE_TL,Atlas Pipeline Partners LP
ATLBRFIN_TRB2,Atlantic Broadband Finance
AUDATEXNA_TLC,Audatex North America Inc
AZCHEMINC_SLF,AZ Chem US Inc
B00050051TL02,BRENNTAG
B00068024TB01,BALTA
B0007T019TB02,BSN MEDICAL
B00095025TB02,BIOMET
B00097015TB01,BORSODCHEM
B0009Y012TL02,BAUSCH LOMB INC
B000AF015TB01,BIFFA PLC
BAKERCRP_TLC,BakerCorp
BAUSCHLM_DDTL,Bausch Lomb Inc
BEACONS_TLB,Beacon Sales Acquisition Inc
BEAEROSI_TBTL,BE Aerospace Inc
BERRYPL_TLC,Berry Plastics Holding Corporation
BIGWESTOL_DD,Big West Oil LLC
BIOMETINC_TLB,Biomet Inc
BL0034258,Seat Pagine Gialle S P A
BL0035966,WAM Acquisitions Amadeus
BL0038804,British Vita Germany Gmbh
BL0040362,Wind Telecommunicazioni S P A 
BL0050205,Ineos Group Holdings PLC
BL0053274,Black Lion Beverages III BV
BL0055386,FCI International SAS
BL0055428,Nordic Telephone Company Holding ApS
BL0055931,Gala Electric Casinos Limited
BL0057259,Foodvest Limited
BL0057366,Sensata Technologies B V 
BL0059396,Kabel Deutschland Gmbh
BL0067803,Lucite International US Finco LLC
BL0068405,Indap Holdings AB
BL0069668,Infor Enterprise Solutions Holdings Inc 
BL0069809,Kabel Baden Wuerttemburg
BL0070005,Demeter Iberia
BL0071102,Carlson Wagonlit B V 
BL0071821,SSP Financing Limited
BL0073306,Matinvest 2 SAS
BL0075525,Butterfly Wendel US INC
BL0076580,FL INVESTCO
BL0076689,Weetabix
BL0076754,Yell Group plc
BL0079311,Brenntag Holding Gmbh Co Kg
BL0082612,Eno France S A S 
BL0085102,Amsterdamse Beheer
BL0086001,Financiere Daunou 1 S A
BL0088254,Beig Midco Limited
BL0092694,United Biscuits Holdco Limited
BL0092736,Nyco Holdings 2 ApS
BL0092777,Project Alpha III
BL0095481,P F Capital
BL0098535,Ferretti Loppi
BL0100232,Pages Jaunes
BL0101503,Kion
BL0104952,Rearden G Holdings Zwei Senior
BL0108169,NTL Incorporated
BL0108375,AVR Acquisitions B V 
BL0109902,Carl Zeiss Vision international GMBH
BL0111346,AZ Electronic Materials Germany GmbH
BL0111361,HC Starck
BL0112013,CB Diagnostics AB
BL0113987,Itron Inc
BL0117350,Promedia Comm V 
BL0125445,Charterhouse Watch SPV3 Limited
BL0125593,FS Funding A S
BL0127417,Parques Reunidos
BL0127664,Lavena Holding 3 GMBH
BL0128811,Project Steel
BL0130742,Vinnolit Holdings GMBH
BL0246035,Forgings International Holdings Limited
BL0246381,DIC Alliance Acquisitionco Ltd
BL0247405,ELSTER GROUP GMBH
BL0248023,Almatis B V 
BL0248072,Foodco Pastries Spain S L 
BLACKPG_TLB2,Black Press Group LTD
BLACKPUS_TLB1,Black Press US Partnership
BLDGMCA_TLB,Building Materials Corp of America
BLOCKCOMM_TL,Block Communications Inc
BLOUNTINTL_TL,Blount Inc
BOMBARDI_TLB,Bombardier Recreational Products Inc
BRAGCOM_TLBT2,Bragg Communications Incorporated
BRENNNOR_FB2,Brenntag North America Holdings Inc Delaware
BRENNTAG_SL,Brenntag
BRENNTAGf_FB2,Brenntag Finance Co II Sarl Luxembourg
BRENTGNA_ACQF,Brenntag North America Inc Delaware
BRESNANC_NTLB,Bresnan Communications LLC
BRICKMAN_TLB,Brickman Group Holdings Inc
BRIGHTHOR_TLB,Bright Horizons Family Solutions Inc
BUFFETS_DDTL,Buffets Inc
BURGERK_TLB,Burger King Corporation
C000B0022TL01,COGNIS GMBH
C000CY029TB01,CASEMA
C000EA027TC01,CAPITAL SAFETY GROUP
C000GS010TB01,CELANESE AG
C000HS017TC01,CONCENTRA
CALPINE_1PRTL,Calpine Corp
CAPTLAUTO_TLB,Capital Automotive REIT
CARDNLHLT_DTL,Cardinal Health 409 Inc
CARESTRM_FLTL,Carestream Health Inc
CARMIKEC_DDTL,Carmike Cinemas Inc
CBRLGROU_TLB,CBRL Group Inc
CCCINFOR_TLB,CCC Information Services Group Inc
CEDARFA_CTL,3147010 Nova Scotia Company
CEDARFR_USTL,Cedar Fair LP
CELANESUS_DTL,Celanese US Holdings LLC
CENTRALG_TL,Central Garden Pet Co
CEQUELCOM_NTL,Cequel Communications LLC
CGG_TL,Volnay Acquisition Co I
CGJCFCORP_TL,CG JCF Corp
CHSCOMM_DD,CHS Community Health Systems Inc
CHTRCOMMOP_TL,Charter Communications Operating
CINCINTIBL_TL,Cincinnati Bell Inc
CINEMRKUS_TLB,Cinemark USA Inc
CITADELBR_TLB,Citadel Broadcasting
CITCOIII_TMLB,Citco III Ltd
CMPSUSQUE_TLB,CMP Susquehanna
CNSOLCNTR_TLB,Consolidated Container Co
COASTALCH_FB2,Coastal Chemical Co LLC Brenntag Louisiana
COGNISGMBH_TC,Cognis GmBh
COLTDEFEN_LLC,Colt Defense LLC
COLUMBIAN_TLB,Columbian Chemicals Acquisition LLC
COMMSCOPE_TLB,Commscope Inc
CONCENTRA_SL,Concentra Inc
CONMEDCO_TLB,Conmed Corporation
CONSECO_NTL,Conseco Inc
CONSTEL_NTBTL,Constellation Brands
COOPERST_TLD,Cooper Standard Automotive Inc
COPERAUTO_TLB,Cooper Standard Automotive Canada Ltd
COVANTA_SYLC,Covanta Energy Corporation
CRAWFORD_TLB,Crawford Company
CRCHLTCRP_NTL,CRC Health Corporation
CRISTALIC_TL,Cristal Inorganic Chemicals US Inc
CSCHLDNG_ITL,CSC Holdings Inc
CULLIGAN_FLTB,Culligan International Company
CUMBERL_TL,Cumberland Farms Inc
CUMULUSM_NTLB,Cumulus Media Inc
CWMEDIAHL_TLB,CW Media Holdings Inc
CanwestMedia_TLD_USD,Canwest Mediaworks Limited Partnership
D0005B026TB01,DONCASTERS DUNDEE HOLDCO
D00062015TL01,DOCKWISE
DAEAVIAT_TLB,DAE Aviation Holdings Inc
DAIMCHY_TLB,DaimlerChrysler Financial Services Americas LLC
DAVITA_TLB1,DA Vita Inc
DAYCOPRO_TBTL,Dayco Products
DEANFODS_TLB,Dean Foods Company
DELMONTEC_TB,Del Monte Corp Foods Co
DELPHIDP_SBTCL,Delphi Corp DIP
DELTAIR_SLTLB,Delta Air Lines
DELUXECAN_TC,Deluxe Canada Holdings Inc
DELUXE_TRACLD,Deluxe Entertainment Services Group Inc
DENNYSINC_LC,Denny's Inc 
DEXMWLLC_TRB,Dex Media West LLC
DIRECTVH_TLB,DirecTV Holdings Finance
DIRECTV_TRCTL,DirecTV Holdings LLC
DISCOVERY_TLB,Discovery Communications Inc
DJOFINLLC_TL,DJO Finance LLC
DOLLRTHRFT_TL,Dollar Thrifty Automotive Group Inc
DRESERNC_NTLB,Dresser Inc
DWFUNDLLC_TLB,DW Funding LLC
E00060010TB01,EIRCOM
E00060018TC01,ELIS
EASTONBL_TLB,Easton Bell Sports Inc
EAVINERI_DDTL,E A Viner International Co
EDUCATE_FLTL,Educate Inc
EDUCMGNT_TLB,Education Management LLC
EMDEONBS_FLTL,Emdeon Business Services
EMMISOPR_TLB,Emmis Operating Company
ENTRAVISI_TL,Entravision Comm Corp
ENTRPSGP_TLB,Enterprise GP Holdings LP
EVRGRENI_FLTL,Evergreen International Aviation Inc
F0004T018TB01,ALPHA TOPCO LIMITED
F00053014TB01,ASTER
F00054010TB02,FIRTH RIXSON
FAIRPOCOM_TLB,Fairpoint Communications
FEDRLMOGL_TLB,Federal Mogul Corp
FLOWSERVE_TLB,Flowserve Corporation
FOAMEX_FLTL,Foamex LP
FRBRAND_TMB2L,FR Brand Acquisition Corp
FREESCALE_TLB,Freescale Semiconductor Inc
FRESMED_TLB,Fresenius Medical Care AG Co KGaA
FXCOACQSB_TL,Foxco Acquisition Sub LLC
G0003E033TL02,GALA GROUP FINANCE LIMITED
G0004Q021TB01,GERFLOR
GAINEYCRP_TLB,Gainey Corporation
GARTMORE_TRB2,Gartmore
GATEHSM_AONTL,GateHouse Media Operating Inc
GENERACACQ_TL,Generac Acqisition Corp
GENRLMTR_TLB,General Motors Corp
GENTEKINC_TLB,Gentek Inc
GEORGIAGF_TLB,Georgia Gulf Corporation
GEORGIAPAC_AB,Georgia Pacific Corp
GETTYIMAGE_TL,Getty Images Inc
GLEASON_1LTL,Gleason Corporation
GNC_TLB,General Nutrition Center
GODYER_NSLTL,Goodyear Tire Rubber Company
GRACEWY_FLTL,Graceway Pharmaceuticals
GRAYTELV_TLB,Gray Television Inc
GRENVLYR_FLTL,Green Valley Ranch Gaming
GRHMPACKH_NTL,Graham Packaging Holdings Co
GROSVNRCM_TLB,Grosvenor Capital Management Holdings LLP
GRPHCPK_08ITL,Graphic Packaging International Inc
H0005S017TB06,AVR ACQUISITIONS B V
H00060023TB02,HELLERMAN TYTON BETA SARL LTD
H0006A013TB02,HCA INC 
H0006K013TB01,HYVA
HANESBRND_TLB,Hanesbrands Inc
HANGEROG_NTLB,Hanger Orthopedic Group
HARBORFRT_TLB,Harbor Freight Tools USA Inc
HARRAHSO_TLB3,Harrahs Operating Co Inc
HEALTHMAI_TLB,Health Management Associates Inc
HEALTHSO_TLB,Healthsouth Corp
HERCULES_NEWTLB,Hercules Inc
HERCULSOF_TL,Hercules Offshore LLC
HERTZCR_SYNLC,Hertz Corp
HEXCELCRP_TLB,Hexcel Corporation
HEXIONSC_TLC4,Hexion Specialty Chemicals Inc
HITENTERT_TLB,Sunshine Acquisition Limited
HUBINTLH_DDTL,HUB International Holdings Inc
HUNTERFAN_FL,Hunter Fan Company
HUNTSMAN_NTBD,Huntsman International LLC
HWKERBCH_SLCF,Hawker Beechcraft Inc 
I00045025TB01,INNOVIA
I0004J015TC01,INTERGEN
I0004N024TL01,ISS HOLDING A S
I0004Q011TB01,INEOS GROUP HOLDINGS PLC
I0004Z029TB01,ISTA
I00058018TB02,IGLO BIRDS EYE
I0005V019TB01,ICELAND FOODS LTD
I0005W015TB02,IPC INFORMATION SYSTEMS
I00061022TB01,APAX SUMMER BIDCO INCISIVE MEDIA
IASISHLT_DDTL,Iasis Healthcare LLC
IDEARCINC_TRB,Idearc Inc
IESICORP_TLB,Iesi Corporation
IMUSHLDG_TL,IM US Holdings LLC
INEOSG_TLB2US,Ineos Group Limited
INFORENT_DTB1,Infor Enterprises Solutions Holdings Inc
INFORGLB_DDTL,Infor Global Solutions Ltd
INSMIDHL_TLB,Insight Midwest Holdings LLC
INTERGRA_FLTL,Intergraph Corporation
INTLSATSUB_TB,Intelsat Subsidiary Holding Company LTD
INTLST_TB2ATL,Intelsat Corporation
INVACARE_TLB,Invacare Corporation
INVENTIVH_TLB,InVentiv Health Inc
INVSTACAN_TB2,Invista Canada Company
INVSTASA_TB1,Invista S a r l 
IOWATLCMS_TLB,Iowa Telecommunications Services Inc
IPCSYSTM_FLTL,IPC Systems Inc
ISLEOFI_DDTLA,Isle Of Capri Casinos Inc
ISPCHEMCO_ITB,ISP Chemco Inc
J0001X018TB34,JVH GAMING HOLDING II BV
JARDENCRP_ITL,Jarden Corporation
JOHNSON_DDTL,Johnson Diversey Inc
JOSTENSIH_TLC,Visant Corp
JRDHOLDING_TL,JRD Holdings Inc
JSGACQ_TB1US,Smurfit Kappa Acquisitions
K0003V018TB01,KION
KARHLDING_TLB,KAR Holdings Inc
KEYSTONE_NTLB,Keystone Automotive Operations Inc
KRATONPOL_TL,Kraton Polymers LLC
KRNSONIND_TLB,Kranson Industries Inc
KRONOSIN_FLTL,Kronos Inc
L0002W024TB01,LINPAC
L0003M025TB01,LWB
L00057018TB01,LA FARGE
L00059014TB03,LINCOLN HOLDING
LANGUAGE_TLB,Language Line LLC
LASVEGAS_DDTL,Las Vegas Sands LLC
LAUREATE_TLB,Laureate Education Inc
LDGENETEN_TLB,Lodgenet Entertainment Corp
LENDERPSI_TLB,Lender Processing Services Inc
LIFEPOINT_TL,Lifepoint Hospitals Holdings Inc
LIVENATNW_TLB,Live Nation Worldwide Inc
LKQCRP_TLB,LKQ Corporation
LNRHLTHPRD_TB,Leiner Health Products Inc
LNRPROP_NTL,LNR Property Corp
LOCALNSGHT_TL,Local Insight Regatta Holdings Inc
LPLHLD_TRDTL,LPL Holdings Inc
M0006G057TB01,MATERIS SA
M0007S043TB03,MEDICA FRANCE AS
M0008J026TB01,MACH SARL
M0008K031TB01,MOLNLYCKE HEALTH CARE GROUP AB
M000A8019TB01,MOMENTIVE PERFORMANCE
M000BX015TA01,MYLAN
MACDERMID-TBT,Macdermid Inc
MAFCOWRLD_TLB,MAFCO Worldwide Corp
MAPCOEXP_TL,MAPCO Express Inc
MASONITE_CTL,Stile Acquisition Corp
MCCIOWA-TETL,MCC Iowa LLC
MDIACOM_TLB2,Mediacom LLC
MEDIANEW_TLC,Media News Group Inc
MEGABLKS_TLB,Mega Bloks Finco
MERRILLCO_TLB,Merrill Communications LLC
METROGLD_TRBT,Metro Goldwyn Mayer Studios Inc
MICHAELS_TLA,Michael Foods
MIRANTNOR_TL,Mirant North America LLC
MISSBANDCH_TL,Mississippi Band of Choctaw Indians
MISSIONB_NTLB,Mission Broadcasting
MITCHELL_NTLB,Mitchell International Inc
MOSAIC_NTBTL,Mosaic Company
MUELERWTR_TLB,Mueller Water Products Inc
MULTIPLN_TLB,Multiplan
MURRAYEN_FLTL,Murray Energy Corporation
MYLANINC_TLB,Mylan Inc
N0004G023TB18,NTL INCORPORATED
N0004H023TB01,NYCOMED A S
N0006B016TB01,NORMA GROUP
N0007J018TB01,NORIT
NATLBED_1FLTL,National Bedding Co LLC
NATLCINM_TLB,National CineMedia LLC
NATLMENTR_ILC,National Mentor Holdings Inc
NCISYS_NTLB,NCI Building Systems Inc
NEBRASKACO_TL,Nebraska Book Co
NEIMANMRC_TL,Neiman Marcus Group
NEPIIINC_TLB,NEP II INC
NETWRKSL_FLTL,Network Solutions LLC
NEWHLDING_TLB,N E W Holdings I LLC
NEWPGECORP_TL,NewPage Corporation
NEWRLDGM_DDTL,New World Gaming Partners Holdings Ltd
NEXSTARBR_TLB,Nexstar Broadcasting Group
NIELSENF_TL,Nielsen Finance VNU
NISKAGAS_ASTL,Niska Gas Storage Canada ULC
NISKAGAS_USDD,Niska Gas Storage US LLC
NORANDAL_TLB,Noranda Aluminum Acquisition Corporation
NOVELISCRP_TL,Novelis Corporation
NOVELIS_CANTL,Novelis Inc
NRGENGY_CLDEP,NRG Energy Inc 
NTELOS_TLB1,NTelos Inc
NUVEENINVS_TL,Nuveen Investments Inc
NWAIRLINE_DTL,Northwest Airlines Inc 
O0001E014TB01,Nalco Company
O0001P068TB33,OGF HOLDING
O0002B029TA01,ORANGINA
O0002W013TB01,ORION
OPENSOLU_TLB,Open Solutions Inc
ORBITZWRLD_TL,Orbitz Worldwide Inc
ORECKCRP_TLB,Oreck Corporation
ORIENTL_FLTLB,Oriental Trading Co Inc
OSIREST_PFRC,OSI Restaurant Partners Inc
OWENSBRO_TB,Owens Brockway Glass Container Inc
OXBOW_DDTLB,Oxbow Carbon LLC
OZBURNHES_TL,Ozburn Hessey Holding Comapny LLC
P0005R034TL01,PROVIMI SA
P00061030TL01,LAVENA
P00061038TC02,PROSIEBENSAT 1 MEDIA AG
P0006T031TB01,PETS AT HOME INVESTMENTS LTD
P0006W034TB01,POLYMER LATEX
P0007A019TB04,POLYCONCEPT HOLDING SA
P0007Q028TB01,PHS GROUP PLC
P0009H016TL01,PAGES JAUNES GROUP OPCO
P0009H018TB01,PAGES JAUNES GROUP HOLDCO
P0009J014TB01,GONDOLA
P0009L019TB01,PHARMACIA DIAGNOSTICS AB
P0009U017TB02,PTS ACQUISITION
PANOLAMIN_NTL,Panolam Industries International Inc
PANTRY_DDTL,Pantry Inc The
PAXSONCMM_TL,Paxson Communications Corp
PENNTLGM_TLB,Penn National Gaming Inc
PEPBOYS_NTL,Pep Boys Manny Moe Jack
PETCOAS_TLB,Petco Animal Supplies
PHARMHLDG_TL,URL Pharma Inc
PHILADNEW_TLB,Philadelphia Newspapers LLC
PHYSIOTHEA_TL,Physiotherapy Associates Inc
PIKELCTRC_TLB,Pike Electric Inc
PINNACL_TL,Pinnacle Foods Finance LLC
POLYMERGRP_TL,Polymer Group Inc
POLYPORE_INTL,Polypore Inc
PRESBRDS_TBTL,Prestige Brands Inc
PROTECTIO_TLC,Protection One Alarm Monitoring Inc
QCELLC_SLTL,QCE LLC
QUINTLS_SLTL,Quintiles Transnational
R00057012TB02,RUHRGAS INDUSTRIES
R0006A014TB01,REGENCY ENTERTAINMENT SA
RBSGLOB_TL,RBS Global Rexnord Corp
REALOGY_NSLOC,Realogy Corporation
REDDYICE_TLB,Reddy Ice Group Inc
REDERDGST_TLB,Readers Digest Association Inc
REGALCNM_NTL,Regal Cinemas Inc
REMAXINT_TRB1,Remax International Inc
RENALADV_TLB,Renal Advantage
RENTACE_TL,Rent A Center Inc
REVOSTUD_TLB,Revolution Studios Holding Co LLC
RGISSERV_DDTL,RGIS Services LLC
RHDONNE_NTDTL,R H Donnelley Inc
ROCKWOOD_TDTL,Rockwood Specialties Group
ROUNDYSS_TBTL,Roundy's Supermarkets Inc
ROYALTYPF_TLB,Royalty Pharma Finance Trust
S0008B043TB01,SPRINGER SCIENCE KAP GLOBAL
S0008D041TL04,STAHL
S000BN019TB04,SMURFIT
S000C9019TB43,SENSATA
S000CM018TB03,SSP FINANCING
S000EF013TB01,SIG SCWEIZERISCHE INDUSTRIE GESELLSCHAFT
S000EL010TB01,QIDNAX SCANDIC HOTELS
SABREINC_ITL,Sabre Inc
SAVERS_CANTB,Savers Inc
SELCTMEDI_TLB,Select Medical Corp
SEMINOLE_DDTL,Seminole Tribe of Florida
SENMETSYS_TL,Sensus Metering Systems
SGSINTINC_TLUS,SGS International Inc
SIMMONSH_TDTL,Simmons HoldCo
SITELLLC_USTL,Sitel LLC
SMURFITSCC_TL,Smurfit Stone Container Corporation
SMURFTSC_NTLC,Smurfit Stone Container Canada Inc
SNRISEMDC_TB1,Sunrise Medical Inc
SORCITLK_TLB,Source Interlink Companies Inc
SOURCEMED_TL,Source Media Inc Accuity LLC
SOUTHEDGE_TLC,South Edge LLC
SPIRITAER_TLB,Spirit Aerosystems Inc
SPRINGER_TLB2,Springer Science Bus Med Fin Inc
SPRINGRSB_A1,Springer Science Business Media
STDAERO_TB2TL,Standard Aero Limited
STHRNWINE_TB,Southern Wine Spirits
STIEFELAB_DD,Stiefel Laboratories Inc
STILEUSA_USTL,Stile US Acquisition Corp
STJOHNK_DDTL,ST John Knits Intl Inc
STRATOS_TBUSD,Stratos Funding LP
STRATOS_TLBCA,Stratos Global Corporation
SUNGD_NEWUSTL,Sungard Data Systems Inc
SUPERVAL_TLB,Supervalu Inc
SWFTTRANS_TLB,Swift Transportation Co Inc 
SXFLGSTPK_TLE,Six Flags Theme Parks Inc 
SYNAGROT_1LTL,Synagro Technologies Inc
T0005P036TB01,TDF TYROL
T00070021TB02,TDC
T00072027TB01,TRADER MEDIA
T0009L015TB01,TELEPIZZA
T000AS016TC01,TEXAS COMPETITIVE ELECTRIC HOLDING
TARGARES_SLOC,Targa Resources Inc
TELSTCN_UST1L,Telesat Canada
TFSACQUIS_TL,TFS Acquisition Corp
TICKTMSTR_TLB,Ticketmaster
TLACQUIS_TLB,Cengage Learning Acquisitions Inc
TRANSDIGM_TLB,Transdigm Inc
TRIBUNE_TLX,Tribune Co
TRIMASCRP_TB1,Trimas Corp
TRIZTTOGRP_TB,TriZetto Group Inc The
TRNSNTSVC_TLB,Transaction Network Services
TRU2005RE_TL,TRU 2005 RE Holding Co I LLC
TRVLPORT_DDTB,Travelport Inc
TXCMPELEC_TB2,Texas Competitive Electric Holdings Company LLC
U0001R079TL0C,UPC HOLDING B V 
U0002L010TB01,UNITED BISCUITS
U00038018TB02,NUMERICABLE
UNITDSBC_SLTL,United Subcontractors Inc
UNITEDCMP_TLD,United Components
UNIVCOMM_SL,Univision Communications Inc
UNIVERSAL_TLB,Universal City Development Partners LP
UNOLACORP_TBL,Unola Corp
UNTDSURG_DDTL,United Surgical Partners
UPC_Financing_TLN_New,UPC Financing Partnership
URSCORP_TRBTL,URS Corporation
USECURTY_TBTL,US Security Holdings Inc
USIHLDCR_NTLB,USI Holdings Corporation
USINVSSERV_TL,US Investigations Services Inc 
USPFHOLDGS_TL,USPF Holdings LLC
USU75045AA91,RYERSON INC 
V0002B037TB01,NIELSEN FINANCE LLC
V0002K029TB01,VIVARTE
VALASSIS_TLB,Valassis Communications
VALUEVLG_CTL,Value Village Stores Inc
VANGRDHLT_TLC,Vanguard Health Systems Inc
VANHOUTE_TBTL,Van Houtte Inc
VENETIAN_DDTL,VML US Finance LLC Venetian Macau
VEYANCET_DDTL,Veyance Technologies Inc
VIANTHLDG_TLB,Viant Holdings Inc
VOUGHTAI_IFTL,Vought Aircraft Industries Inc
VRTAFORE_TLB,Vertafore Inc
VULCANRGY_TLB,Vulcan Energy Corporation
VWRFUNDING_TL,VWR Funding Inc
W0003R022TB01,WIND
W0003S038TB01,WOLTERS KLUWER EDUCATION
WARNRCHL_TBAC,Warner Chilcott Company Inc
WARNRCHL_TCAC,Warner Chilcott Corporation
WASTESER_TETL,Waste Services Inc
WEST_ITLB3,West Corporation
WILLIAMCA_TL,William Carter Co The
WINDSTRM_TRB1,Windstream Corporation Inc
WRNERMUSIC_TL,WMG Acquisition Corp
WSCOAIRCR_TLB,Wesco Aircraft Hardware Corp
WYLELABI_FLTL,Wyle Laboratories Inc
XERIUMTE_TLB,Xerium Technologies Inc
XS0298436436,NXP BV
XS0322031328,AXIUS EUROPE CLO SA
XS0327762307,PDM CLO
Y0000G027TB01,YELLOW BRICK ROAD
Y0000J049TA01,YELL GROUP PLC
YANKECNDL_TLB,Yankee Candle Company Inc
ZUFFALLC_TLB,Zuffa LLC
gsc00000,Clondalkin Acquisition BV
gsc01368,Carcoustics International GmbH
gsc01370,Speedy 1 Limited
gsc02066,Autobar Group
gsc02260,Lehnkering GmbH
gsc02265,European Seafood Investments MW Brand
gsc02269,Regie Linge
gsc02279,Candle Holdco UK Limited
gsc02291,NTL Inc 
gsc02292,Demeter Iberia S L U 
gsc02303,JVH Gaming Holding II BV
gsc02308,Kabel BW Zweite Beteiligungs GmbH
gsc02312,Ypso Holding SA
gsc02325,MPM Holdings II LLC
gsc02340,Yell Group Plc
gsc02353,Inspired Gaming Group Plc
gsc02358,Jake Acquisitions Plc
gsc02360,Holding Bercy Investissement S C A 
gsc02367,Unity Media GmbH
gsc02370,TP Holdings GmbH
gsc02376,PolymerLatex Deutschland Holding GmbH
gsc02386,Dollar Financial Group Inc
gsc02387,All3 Media Intermediate Limited
gsc02478,Wind Telecomunicazioni Spa
gsc02485,Beig Midco Ltd
gsc02496,EDP European Dental Partners Holding GmbH
gsc02555,Polyamide High Performance GmbH
gsc02558,Metroweb
gsc02610,Avio Investments S P A 
gsc02613,Aleris International Inc
gsc02631,Nyco Holdings 3 ApS
gsc02660,Escaline S a r l 
gsc02681,Tyrol Acquisition 2 SAS
gsc02687,ASCO Acquisitions Limited
gsc02691,Mediannuaire Holding
gsc02712,RD Card Holdings
gsc02729,Fina Cold II S A 
gsc02739,Neggio Holding 3 GmbH
gsc02755,Carl Zeiss
gsc02780,Cool Holding GmbH
gsc02790,Novasep Holding
gsc02795,Financiere DSBG SAS
gsc02821,Blue Waste B V formerly AVR Acquisitions B V 
gsc02842,Hilding Anders ab
gsc02853,ColorMatrix UK Holdings Limited
gsc02864,Financiere Verdi
gsc02872,Black Lion Beverages III B V 
gsc02892,Opica AB
gsc02911,PSE Topco Limited
gsc02923,Holding Medipartenaires
gsc02925,World Directories Acquisition Corp 
gsc03008,Bandwood Limited
gsc03020,Delphi Acquisition Holding I B V 
gsc03080,SDU Finco BV
gsc03094,CDS Bidco BV
gsc03095,WP Roaming III S A R L 
gsc03120,Capucine
gsc03126,Rotac Sweden AB
gsc03140,Danish Holdco A S
gsc03151,BCM Ireland Holdings Limited
gsc03163,German Eyewear GmbH
gsc03165,Vinnolit GmbH Co KG
gsc03193,Wilhelmina Finco B V 
gsc03197,ISS Holdings A S
gsc03224,Lion Visor Finn 1 OY
gsc03226,Redwing Holdings 1 Limited
gsc03262,Financiere Cofidim
gsc03284,Kleopatra Lux 2 S A R L
gsc03287,Mollien Investissement
gsc03288,Linpac Group Limited
gsc03293,Norit Bidco
gsc03301,TFL Holding GmbH
gsc03316,AZ Jupiter 1 BV
gsc03358,Blitz 06 295 GmbH
gsc03360,Bienfaisance Holding SAS GDT
gsc03420,ACG Holding
gsc03433,Project Zenith
gsc18480,Lavena Holding 3 Gmbh
gsc18958,K Alpha France
gsc19008,Profil Verbindungstechnik Service GmbH
gsc19125,HCA UK Capital Limited
gsc19179,Primacom Management GmbH
gsc19425,DIC Almatis Bidco B V 
gsc19599,HoGi Beteiligungs GmbH
gsc19788,Ranpak Corp
gsc20044,Infopro Communications
gsc20166,Hillary B V 
gsc20247,Lucas Bols B V 
gsc20369,DMWSL 591 Ltd
gsc20576,Telenet Bidco NV
gsc21458,European Directories DH6 B V
hcainc_tlb,HCA Inc
